{"bias0":{"0":{"0":-10.184879332213434},"1":{"0":3.723906816346609},"2":{"0":-3.55619400279123},"3":{"0":3.276353228549618}},"weights1":{"0":{"0":-7.006129150338059,"1":-3.404770676825907,"2":4.71486198545182,"3":-3.063541330642982}},"bias1":{"0":{"0":2.111245332343825}},"weights0":{"0":{"0":8.213442755463987,"1":5.83810582797245},"1":{"0":-6.1014453291353785,"1":8.036188021147181},"2":{"0":7.087728167997124,"1":8.650135625640582},"3":{"0":-6.708308135376299,"1":-8.07237421754242}}}