{"bias0":{"0":{"0":3.926047849815626},"1":{"0":3.86278593989626},"2":{"0":3.926551569041163},"3":{"0":-1.262773960401909}},"weights1":{"0":{"0":-6.449289658132972,"1":-6.4504504365910496,"2":3.416202199155035,"3":2.6847445273224766}},"bias1":{"0":{"0":3.726904964931453}},"weights0":{"0":{"0":-8.679425975642351,"1":10.252471884500865},"1":{"0":10.201615818758029,"1":-8.59717904455324},"2":{"0":1.4433485441836185,"1":1.4570171140169128},"3":{"0":5.498075051001251,"1":5.5130934258696005}}}